country,iso3c,year,gdp_per_capita,edu_spending_pct,income
Angola,AGO,2016,3454.03317187119,2.75493664582725,Lower middle income
Angola,AGO,2017,3328.8982124109,2.46687881104886,Lower middle income
Angola,AGO,2005,2843.3966357968,2.12011003494263,Lower middle income
Angola,AGO,2012,3682.35229322763,3.08191085718142,Lower middle income
Angola,AGO,2019,3083.97534427357,2.07306438181603,Lower middle income
Angola,AGO,2020,2864.16146036893,2.66744733689285,Lower middle income
Angola,AGO,2018,3196.79006983557,2.18351298946275,Lower middle income
Angola,AGO,2015,3641.72893919944,3.48689580393413,Lower middle income
Angola,AGO,2010,3540.79159568381,3.42131996154785,Lower middle income
Angola,AGO,2006,3065.05576243895,2.28146004676819,Lower middle income
Angola,AGO,2023,2809.15727975557,2.51273663315785,Lower middle income
Angola,AGO,2021,2832.81777132286,2.29719689513241,Lower middle income
Angola,AGO,2013,3716.29718727282,4.43894951297476,Lower middle income
Angola,AGO,2000,2172.46326720494,2.60753011703491,Lower middle income
Angola,AGO,2022,2860.90251922246,2.38535898416633,Lower middle income
Benin,BEN,2009,936.565651071554,3.08927011489868,Lower middle income
Benin,BEN,2010,928.246655329144,3.67997002601623,Lower middle income
Benin,BEN,2000,861.213292013209,2.11366009712219,Lower middle income
Benin,BEN,2001,879.854463773645,2.36509990692139,Lower middle income
Benin,BEN,2020,1126.65404122154,2.89898431911618,Lower middle income
Benin,BEN,2023,1263.62158336368,3.22974322056608,Lower middle income
Benin,BEN,2012,943.918771531001,3.56202006340027,Lower middle income
Benin,BEN,2022,1218.49668929091,3.0972642678305,Lower middle income
Benin,BEN,2003,896.146763201736,2.28315997123718,Lower middle income
Benin,BEN,2004,907.624431209378,2.56690001487732,Lower middle income
Benin,BEN,2005,893.91536869992,2.6566801071167,Lower middle income
Benin,BEN,2002,893.137100961634,2.15949010848999,Lower middle income
Benin,BEN,2007,926.740113754071,2.36331009864807,Lower middle income
Benin,BEN,2008,943.203380303862,2.77728009223938,Lower middle income
Benin,BEN,2019,1114.17304526443,2.73204741460628,Lower middle income
Benin,BEN,2014,1014.4330062135,3.161789894104,Lower middle income
Benin,BEN,2021,1176.37727637273,3.09692638090381,Lower middle income
Benin,BEN,2016,1006.03926633023,2.89910006523132,Lower middle income
Benin,BEN,2013,982.399206290516,3.3275101184845,Lower middle income
Benin,BEN,2018,1071.50452156932,2.93161988258362,Lower middle income
Benin,BEN,2006,900.62053578735,2.56340003013611,Lower middle income
Benin,BEN,2015,1002.41886879614,3.17298007011414,Lower middle income
Benin,BEN,2017,1032.90471194182,3.53558993339539,Lower middle income
Botswana,BWA,2012,5742.91924452636,8.1098729741114,Upper middle income
Botswana,BWA,2013,6284.97678002618,8.0172064061589,Upper middle income
Botswana,BWA,2011,5850.07858575461,10.8265537416631,Upper middle income
Botswana,BWA,2014,6547.12254115892,7.88874188960311,Upper middle income
Botswana,BWA,2005,5514.21742664705,10.6785898208618,Upper middle income
Botswana,BWA,2007,6085.6354476126,9.04666996002197,Upper middle income
Botswana,BWA,2009,5179.4138607146,9.8253002166748,Upper middle income
Botswana,BWA,2016,6490.83463593483,8.73589296358928,Upper middle income
Botswana,BWA,2017,6662.57644805467,7.80924443947392,Upper middle income
Botswana,BWA,2015,6141.20394726616,8.39457941644674,Upper middle income
Botswana,BWA,2020,6254.24806241091,8.05833660991541,Upper middle income
Botswana,BWA,2019,6951.73189051146,8.3989966033446,Upper middle income
Botswana,BWA,2018,6843.84612027739,7.9053860532971,Upper middle income
Burkina Faso,BFA,2013,616.741331164082,4.08343982696533,Low income
Burkina Faso,BFA,2022,740.306319930259,5.29456753304241,Low income
Burkina Faso,BFA,2014,624.576885187665,4.05329990386963,Low income
Burkina Faso,BFA,2007,519.26101218434,4.07982015609741,Low income
Burkina Faso,BFA,2015,630.124750752312,3.67008996009827,Low income
Burkina Faso,BFA,2023,745.405334618409,5.32757840997187,Low income
Burkina Faso,BFA,2006,514.113131757062,3.98218989372253,Low income
Burkina Faso,BFA,2011,581.603658737407,3.98515009880066,Low income
Burkina Faso,BFA,2005,499.192797571217,3.94112992286682,Low income
Burkina Faso,BFA,2010,561.847221302489,3.50222992897034,Low income
Burkina Faso,BFA,2012,600.731343697818,3.60315990447998,Low income
Burkina Faso,BFA,2021,745.472563435144,5.24913346712028,Low income
Burkina Faso,BFA,2017,669.276310328333,5.62846994400024,Low income
Burkina Faso,BFA,2019,717.021595096634,5.45615632520251,Low income
Burkina Faso,BFA,2018,694.492813126351,5.488609790802,Low income
Burkina Faso,BFA,2020,713.8421779224,5.21148277030166,Low income
Burundi,BDI,2019,270.411005710809,5.34668445378401,Low income
Burundi,BDI,2018,267.508692172687,5.07863998413086,Low income
Burundi,BDI,2002,266.968141648342,3.00493001937866,Low income
Burundi,BDI,2021,264.682651664249,4.87114173892375,Low income
Burundi,BDI,2015,254.402585226788,6.37133979797363,Low income
Burundi,BDI,2001,262.913885774384,2.90390992164612,Low income
Burundi,BDI,2020,263.463876356897,5.32158506838731,Low income
Burundi,BDI,2017,261.725839288764,4.76202011108398,Low income
Burundi,BDI,2016,258.061970808946,4.69199991226196,Low income
Burundi,BDI,2014,261.296721752002,6.78452014923096,Low income
Burundi,BDI,2011,254.242110648215,6.31926012039185,Low income
Burundi,BDI,2004,258.050009115333,3.74495005607605,Low income
Burundi,BDI,2005,250.878933475935,3.63216996192932,Low income
Burundi,BDI,2000,264.154407180223,2.64547991752625,Low income
Burundi,BDI,2010,253.308577749924,6.77523994445801,Low income
Burundi,BDI,2012,256.180393931874,6.16776990890503,Low income
Burundi,BDI,2013,259.311117203355,5.99539995193481,Low income
Burundi,BDI,2008,256.012461554496,5.19289016723633,Low income
Burundi,BDI,2009,252.582019875886,6.17194986343384,Low income
Cabo Verde,CPV,2020,3255.93628984058,7.09400702406662,Upper middle income
Cabo Verde,CPV,2021,3471.6553421786,6.15490303089284,Upper middle income
Cabo Verde,CPV,2006,2683.83943856892,6.52960014343262,Upper middle income
Cabo Verde,CPV,2018,3853.67940035241,4.78792270184537,Upper middle income
Cabo Verde,CPV,2022,3997.76763250653,4.7252554800722,Upper middle income
Cabo Verde,CPV,2023,4168.67748407593,4.3482854136693,Upper middle income
Cabo Verde,CPV,2004,2379.79636224135,7.47664022445679,Upper middle income
Cabo Verde,CPV,2016,3560.1400729534,4.75475978851318,Upper middle income
Cabo Verde,CPV,2017,3719.71306047915,4.59278011322021,Upper middle income
Cabo Verde,CPV,2009,3159.58698693977,4.86588001251221,Upper middle income
Cabo Verde,CPV,2019,4115.90283469406,4.16528987884521,Upper middle income
Cabo Verde,CPV,2007,3056.97102851154,4.95982980728149,Upper middle income
Cabo Verde,CPV,2008,3238.44159287498,5.03464984893799,Upper middle income
Cabo Verde,CPV,2013,3361.09387702205,4.56156015396118,Upper middle income
Cabo Verde,CPV,2010,3194.61667734233,5.0765700340271,Upper middle income
Cabo Verde,CPV,2002,2127.70872296502,7.87682008743286,Upper middle income
Cabo Verde,CPV,2011,3309.20121643898,4.59785985946655,Upper middle income
Cabo Verde,CPV,2012,3341.7421054836,5.39769575795208,Upper middle income
Cabo Verde,CPV,2014,3383.8422809791,4.52133989334106,Upper middle income
Cabo Verde,CPV,2015,3415.06266730931,4.80622005462646,Upper middle income
Cameroon,CMR,2012,1319.66961634054,2.60304999351502,Lower middle income
Cameroon,CMR,2013,1347.2130636706,2.65546989440918,Lower middle income
Cameroon,CMR,2007,1295.73067471287,2.87814998626709,Lower middle income
Cameroon,CMR,2023,1468.17837007337,2.83907623667935,Lower middle income
Cameroon,CMR,2010,1290.9013745759,2.84802007675171,Lower middle income
Cameroon,CMR,2021,1443.57600237663,2.8493076272306,Lower middle income
Cameroon,CMR,2011,1297.3064962694,2.65335988998413,Lower middle income
Cameroon,CMR,2022,1458.66180431693,2.65952378267367,Lower middle income
Cameroon,CMR,2009,1290.89961351149,2.90790009498596,Lower middle income
Cameroon,CMR,2016,1435.61830727839,2.56234002113342,Lower middle income
Cameroon,CMR,2017,1444.90682916573,3.05961990356445,Lower middle income
Cameroon,CMR,2014,1381.81938454907,2.58396005630493,Lower middle income
Cameroon,CMR,2015,1415.00009710569,2.65791010856628,Lower middle income
Cameroon,CMR,2020,1434.51913723409,3.10390139858492,Lower middle income
Cameroon,CMR,2019,1470.31785276187,3.0473994932468,Lower middle income
Cameroon,CMR,2008,1295.02211276052,2.49826002120972,Lower middle income
Cameroon,CMR,2006,1277.32990712342,2.53990006446838,Lower middle income
Cameroon,CMR,2003,1221.09446141454,2.82259011268616,Lower middle income
Cameroon,CMR,2000,1151.27689302947,1.70284998416901,Lower middle income
Cameroon,CMR,2001,1169.92670464984,2.29733991622925,Lower middle income
Cameroon,CMR,2018,1461.01969999317,3.03096008300781,Lower middle income
Cameroon,CMR,2005,1264.74345218659,2.65652990341186,Lower middle income
Cameroon,CMR,2004,1271.74326874167,2.79530000686646,Lower middle income
Central African Republic,CAF,2011,532.38295493852,1.10792005062103,Low income
Central African Republic,CAF,2020,398.834274122139,2.14468061163977,Low income
Central African Republic,CAF,2013,349.821171688973,2.63821423826355,Low income
Central African Republic,CAF,2010,519.141456408484,1.11760997772217,Low income
Central African Republic,CAF,2014,351.561554911625,2.22015331698693,Low income
Central African Republic,CAF,2015,366.322853938121,1.9102285875012,Low income
Central African Republic,CAF,2021,396.020622931961,1.8725169173301,Low income
Central African Republic,CAF,2000,437.168928414826,1.61265003681183,Low income
Central African Republic,CAF,2018,395.020015455909,1.56587596817535,Low income
Central African Republic,CAF,2019,401.82582161435,1.76792074637361,Low income
Central African Republic,CAF,2012,553.729578314912,1.98034724839473,Low income
Central African Republic,CAF,2007,450.762785401893,1.31332004070282,Low income
Central African Republic,CAF,2017,387.35795131742,1.75365013911465,Low income
Central African Republic,CAF,2008,450.313616886022,1.29000997543335,Low income
Central African Republic,CAF,2009,492.215398914836,1.25458002090454,Low income
Central African Republic,CAF,2023,397.467795750451,1.82995911310419,Low income
Central African Republic,CAF,2005,427.968043155237,1.65222001075745,Low income
Central African Republic,CAF,2002,452.808702217035,1.5195699930191,Low income
Central African Republic,CAF,2016,376.858254120398,1.75408898250234,Low income
Central African Republic,CAF,2003,418.240532289858,1.53979003429413,Low income
Central African Republic,CAF,2006,439.294330902768,1.41506004333496,Low income
Central African Republic,CAF,2022,398.91539795642,2.11509129476365,Low income
Central African Republic,CAF,2004,433.825227770233,1.6245299577713,Low income
Chad,TCD,2005,952.871910097036,1.30189001560211,Low income
Chad,TCD,2004,845.518131173419,1.59294998645782,Low income
Chad,TCD,2016,923.56587204799,2.38847586229946,Low income
Chad,TCD,2015,993.990730610869,2.34283149521162,Low income
Chad,TCD,2011,965.286963557057,1.64717996120453,Low income
Chad,TCD,2017,879.075895466718,1.8390200138092,Low income
Chad,TCD,2018,898.834794007399,2.25947501392013,Low income
Chad,TCD,2001,572.806706828797,2.42614006996155,Low income
Chad,TCD,2000,530.600331270541,2.64670991897583,Low income
Chad,TCD,2009,871.485311273077,1.74366998672485,Low income
Chad,TCD,2010,956.953018715651,1.50397002696991,Low income
Chad,TCD,2019,917.203710065059,2.37245795383591,Low income
Chad,TCD,2020,884.980541933197,2.73960390423748,Low income
Chad,TCD,2012,1016.42152061894,1.52493000030518,Low income
Chad,TCD,2013,1008.61711429294,2.06696009635925,Low income
Chad,TCD,2014,993.321157708395,2.32031229563021,Low income
Chad,TCD,2023,856.832488745342,3.20149725837724,Low income
Chad,TCD,2021,857.527630579087,2.01648998260498,Low income
Chad,TCD,2022,862.60212817252,2.6016118897064,Low income
Comoros,COM,2008,1235.97247187374,4.42264986038208,Lower middle income
Comoros,COM,2002,1217.11501559943,2.25841999053955,Lower middle income
Comoros,COM,2011,1299.11099021922,2.8304500579834,Lower middle income
Comoros,COM,2012,1313.5812493744,2.74783992767334,Lower middle income
Comoros,COM,2015,1329.37048235986,2.5450599193573,Lower middle income
Comoros,COM,2023,1382.51308503106,2.34146896682989,Lower middle income
Comoros,COM,2022,1368.3741885336,2.43164424110924,Lower middle income
Comoros,COM,2013,1343.5451171047,2.3827600479126,Lower middle income
Comoros,COM,2014,1342.32802421364,2.74472999572754,Lower middle income
Comoros,COM,2020,1359.70624686714,2.37805076679617,Lower middle income
Comoros,COM,2021,1359.76242021159,2.27485390045927,Lower middle income
"Congo, Dem. Rep.",COD,2022,513.512704372167,2.84466514463005,Low income
"Congo, Dem. Rep.",COD,2021,485.160805929784,2.66048474102788,Low income
"Congo, Dem. Rep.",COD,2020,470.852950000929,2.62263835311571,Low income
"Congo, Dem. Rep.",COD,2010,400.619567973092,1.5249799489975,Low income
"Congo, Dem. Rep.",COD,2015,495.826633014883,2.17043995857239,Low income
"Congo, Dem. Rep.",COD,2014,481.830241883776,1.95142996311188,Low income
"Congo, Dem. Rep.",COD,2016,480.461377880475,2.1186900138855,Low income
"Congo, Dem. Rep.",COD,2017,482.854682128541,1.45494997501373,Low income
"Congo, Dem. Rep.",COD,2013,464.526715460494,2.06220006942749,Low income
"Congo, Rep.",COG,2011,2307.49384399715,2.64652978173867,Lower middle income
"Congo, Rep.",COG,2002,2100.16876714574,3.20831990242004,Lower middle income
"Congo, Rep.",COG,2004,2058.88402946896,2.28813004493713,Lower middle income
"Congo, Rep.",COG,2005,2140.03686200251,1.6810200214386,Lower middle income
"Congo, Rep.",COG,2010,2332.28508055953,5.6867299079895,Lower middle income
"Congo, Rep.",COG,2023,1677.08549205924,3.34005209256916,Lower middle income
"Congo, Rep.",COG,2018,1909.9560382117,2.77167010307312,Lower middle income
"Congo, Rep.",COG,2003,2058.88683675038,2.8361599445343,Lower middle income
"Congo, Rep.",COG,2013,2390.65754938662,5.0138814089415,Lower middle income
"Congo, Rep.",COG,2014,2488.68118548992,3.18255996704102,Lower middle income
"Congo, Rep.",COG,2012,2467.06102906839,2.73923061622047,Lower middle income
"Congo, Rep.",COG,2021,1701.79060456872,3.31281536274069,Lower middle income
"Congo, Rep.",COG,2022,1686.00234391385,2.72738253259215,Lower middle income
"Congo, Rep.",COG,2016,2174.19310251224,4.87114096878621,Lower middle income
"Congo, Rep.",COG,2017,2003.27121075187,4.17235994338989,Lower middle income
"Congo, Rep.",COG,2019,1885.51080877731,3.24716413970868,Lower middle income
"Congo, Rep.",COG,2020,1725.51040049963,4.22208879466149,Lower middle income
"Congo, Rep.",COG,2015,2439.35189403696,3.13882994651794,Lower middle income
Cote d'Ivoire,CIV,2002,1551.27925902838,2.81047010421753,Lower middle income
Cote d'Ivoire,CIV,2016,1889.27777949938,3.93593001365662,Lower middle income
Cote d'Ivoire,CIV,2018,2013.32307598499,3.21164989471436,Lower middle income
Cote d'Ivoire,CIV,2001,1636.57318705218,2.44477009773254,Lower middle income
Cote d'Ivoire,CIV,2014,1742.53693001178,3.31416988372803,Lower middle income
Cote d'Ivoire,CIV,2000,1717.95385651231,2.40031003952026,Lower middle income
Cote d'Ivoire,CIV,2022,2227.09845246984,3.47484993934631,Lower middle income
Cote d'Ivoire,CIV,2019,2093.09994335779,3.4130699634552,Lower middle income
Cote d'Ivoire,CIV,2020,2055.08483996432,3.78674006462097,Lower middle income
Cote d'Ivoire,CIV,2017,1972.81431788947,3.73654007911682,Lower middle income
Cote d'Ivoire,CIV,2015,1814.71855088017,3.49412989616394,Lower middle income
Cote d'Ivoire,CIV,2012,1503.43433046682,3.43445992469788,Lower middle income
Cote d'Ivoire,CIV,2013,1632.32712787006,3.45859003067017,Lower middle income
Cote d'Ivoire,CIV,2004,1451.86547141894,2.91176009178162,Lower middle income
Cote d'Ivoire,CIV,2021,2146.47635317946,3.32717990875244,Lower middle income
Cote d'Ivoire,CIV,2009,1473.9183699329,3.1739399433136,Lower middle income
Cote d'Ivoire,CIV,2003,1441.58801755037,2.8643798828125,Lower middle income
Cote d'Ivoire,CIV,2011,1426.46463864534,2.8657500743866,Lower middle income
Cote d'Ivoire,CIV,2023,2315.38147441648,3.39421010017395,Lower middle income
Cote d'Ivoire,CIV,2008,1454.62731800082,3.09853005409241,Lower middle income
Cote d'Ivoire,CIV,2010,1540.52927270246,3.24651002883911,Lower middle income
Cote d'Ivoire,CIV,2006,1437.77453798586,2.81998991966248,Lower middle income
Cote d'Ivoire,CIV,2007,1420.1738958245,3.01614999771118,Lower middle income
Cote d'Ivoire,CIV,2005,1431.73320203111,2.91943001747131,Lower middle income
Eritrea,ERI,2002,889.009113592982,3.52390003204346,Low income
Eritrea,ERI,2001,893.268735439193,4.0471601486206,Low income
Eritrea,ERI,2004,808.591420184592,3.14896988868713,Low income
Eritrea,ERI,2006,789.402432018085,2.12700009346008,Low income
Eswatini,SWZ,2020,3609.3669136859,5.32546270122803,Lower middle income
Eswatini,SWZ,2005,2658.75180508187,6.48462009429932,Lower middle income
Eswatini,SWZ,2021,3719.03838239806,5.28714899285221,Lower middle income
Eswatini,SWZ,2004,2522.14342097167,5.40160989761353,Lower middle income
Eswatini,SWZ,2023,3790.16576788091,5.00431592836751,Lower middle income
Eswatini,SWZ,2016,3500.17688847942,5.43355309210979,Lower middle income
Eswatini,SWZ,2022,3695.64957179548,5.57274175738511,Lower middle income
Eswatini,SWZ,2018,3565.54285067501,5.73687354676617,Lower middle income
Eswatini,SWZ,2000,2273.04683761056,5.50848007202148,Lower middle income
Eswatini,SWZ,2006,2823.48728215402,6.55475997924805,Lower middle income
Eswatini,SWZ,2017,3596.23605400492,6.177914116856,Lower middle income
Eswatini,SWZ,2003,2448.83792077995,5.81677007675171,Lower middle income
Eswatini,SWZ,2014,3381.79292071291,7.28094005584717,Lower middle income
Eswatini,SWZ,2015,3419.82276559528,5.35494723006471,Lower middle income
Eswatini,SWZ,2001,2283.98316815361,4.83824014663696,Lower middle income
Eswatini,SWZ,2002,2358.56935643468,4.44086980819702,Lower middle income
Eswatini,SWZ,2019,3759.67106964666,5.69914824136892,Lower middle income
Eswatini,SWZ,2013,3332.11983927912,5.08461029694871,Lower middle income
Eswatini,SWZ,2009,2973.83456912379,6.47135019302368,Lower middle income
Eswatini,SWZ,2011,3108.70225253092,6.86432981491089,Lower middle income
Eswatini,SWZ,2008,2950.67334362132,6.61812019348145,Lower middle income
Eswatini,SWZ,2010,3069.52175725884,6.11837005615234,Lower middle income
Eswatini,SWZ,2012,3218.50138205493,5.59328219778155,Lower middle income
Ethiopia,ETH,2012,481.639999909808,5.56677007675171,Not classified
Ethiopia,ETH,2013,518.324662208106,4.4985499382019,Not classified
Ethiopia,ETH,2015,597.912113218663,4.73791868878759,Not classified
Ethiopia,ETH,2016,636.835680951429,5.06151399998447,Not classified
Ethiopia,ETH,2014,556.362532243867,4.60201978683472,Not classified
Ethiopia,ETH,2017,678.98541915757,5.49905076025271,Not classified
Ethiopia,ETH,2018,705.96881207336,5.22011189522399,Not classified
Ethiopia,ETH,2010,421.898622378633,4.49659013748169,Not classified
Ethiopia,ETH,2011,455.909628648555,5.4857702255249,Not classified
Ethiopia,ETH,2021,790.65701959778,4.06524874309096,Not classified
Ethiopia,ETH,2022,811.177729326201,3.73649512188829,Not classified
Ethiopia,ETH,2000,247.505413659694,3.88614988327026,Not classified
Ethiopia,ETH,2001,260.04231608135,3.7002899646759,Not classified
Ethiopia,ETH,2020,768.705424485209,4.0905654220699,Not classified
Ethiopia,ETH,2002,256.066635883709,3.63245010375977,Not classified
Ethiopia,ETH,2023,842.44660489404,2.9272447768927,Not classified
Ethiopia,ETH,2019,744.702789753973,4.48086946127054,Not classified
Ethiopia,ETH,2006,313.013896721503,5.49094009399414,Not classified
Ethiopia,ETH,2007,338.799064654308,5.45110988616943,Not classified
Ethiopia,ETH,2009,385.632419711374,4.42207002639771,Not classified
Ethiopia,ETH,2008,364.642208155735,5.40819978713989,Not classified
Gabon,GAB,2010,6481.49612073562,3.07808995246887,Upper middle income
Gabon,GAB,2011,6699.23394606512,2.987459897995,Upper middle income
Gabon,GAB,2012,6803.22668079211,3.0134000778198202,Upper middle income
Gabon,GAB,2013,6938.25753862236,3.02971005439758,Upper middle income
Gabon,GAB,2018,6724.5961429108,3.071542956299,Upper middle income
Gabon,GAB,2019,6817.56879468764,2.87430983233369,Upper middle income
Gabon,GAB,2022,6527.48207900404,2.20773650357931,Upper middle income
Gabon,GAB,2014,6998.60545439576,2.66667008399963,Upper middle income
Gabon,GAB,2020,6534.27966528997,3.39874087928788,Upper middle income
Gabon,GAB,2021,6479.04900690761,2.7007928993976,Upper middle income
Gabon,GAB,2000,7596.09970650519,3.82709002494812,Upper middle income
Gabon,GAB,2015,7047.12654634355,2.82435985823512,Upper middle income
Gabon,GAB,2016,6991.3251446736,2.66773089670199,Upper middle income
Gabon,GAB,2017,6840.05959347802,3.55570801059931,Upper middle income
Gabon,GAB,2023,6541.2536861807,2.31594287726056,Upper middle income
"Gambia, The",GMB,2022,710.686979216316,2.89168744551701,Low income
"Gambia, The",GMB,2021,689.49323955737,3.04477694635226,Low income
"Gambia, The",GMB,2009,681.433469086571,1.90813994407654,Low income
"Gambia, The",GMB,2023,735.612383709511,2.80838156544977,Low income
"Gambia, The",GMB,2019,682.797642940426,2.80809703332656,Low income
"Gambia, The",GMB,2011,625.464360270983,2.50116991996765,Low income
"Gambia, The",GMB,2007,637.20930597537,0.816860020160675,Low income
"Gambia, The",GMB,2013,638.522368532214,1.81839001178741,Low income
"Gambia, The",GMB,2010,701.014524591061,2.56322002410889,Low income
"Gambia, The",GMB,2015,619.536364296461,2.16002988815308,Low income
"Gambia, The",GMB,2012,639.139881889048,2.63756990432739,Low income
"Gambia, The",GMB,2020,670.758642891251,2.88734569797808,Low income
"Gambia, The",GMB,2018,658.127833258563,2.36543989181519,Low income
"Gambia, The",GMB,2005,658.676285443081,0.691879987716675,Low income
"Gambia, The",GMB,2006,636.596026908866,0.751630008220673,Low income
"Gambia, The",GMB,2001,679.539755947951,1.15810000896454,Low income
"Gambia, The",GMB,2008,657.675679192228,2.18129992485046,Low income
"Gambia, The",GMB,2014,611.879472952196,2.23094010353088,Low income
"Gambia, The",GMB,2000,659.911237641141,1.46587002277374,Low income
"Gambia, The",GMB,2016,615.193365494386,2.0244300365448,Low income
"Gambia, The",GMB,2017,628.777299272925,2.45919445096525,Low income
"Gambia, The",GMB,2004,693.563314497133,0.622470021247864,Low income
"Gambia, The",GMB,2002,640.03893213613,1.44291996955872,Low income
"Gambia, The",GMB,2003,665.834222326194,1.36337995529175,Low income
Ghana,GHA,2005,1143.31178934301,7.42208003997803,Lower middle income
Ghana,GHA,2015,1722.77282833606,4.43404006958008,Lower middle income
Ghana,GHA,2020,1970.19411460398,3.40915991351725,Lower middle income
Ghana,GHA,2006,1185.26570738595,5.14794015884399,Lower middle income
Ghana,GHA,2007,1205.31705804209,5.51986980438232,Lower middle income
Ghana,GHA,2016,1740.81101902928,4.3945198059082,Lower middle income
Ghana,GHA,2017,1841.44636153249,3.53362989425659,Lower middle income
Ghana,GHA,2019,1999.55372220211,3.15307114842573,Lower middle income
Ghana,GHA,2004,1108.30475353633,7.53558015823364,Lower middle income
Ghana,GHA,2009,1311.63053760125,5.31744003295898,Lower middle income
Ghana,GHA,2021,2030.04866500967,3.4005042684722,Lower middle income
Ghana,GHA,2022,2067.20895910766,2.90963831638452,Lower middle income
Ghana,GHA,2018,1915.4532323781,3.8861300945282,Lower middle income
Ghana,GHA,2014,1726.36930134647,4.39978981018066,Lower middle income
Ghana,GHA,2001,1035.22666053257,5.35444021224976,Lower middle income
Ghana,GHA,2008,1282.63416886747,5.75795984268188,Lower middle income
Ghana,GHA,2013,1718.59704769958,4.57644987106323,Lower middle income
Ghana,GHA,2010,1381.2279503506,5.54059982299805,Lower middle income
Ghana,GHA,2012,1640.54072088003,7.91913986206055,Lower middle income
Ghana,GHA,2011,1537.81834019283,8.14097023010254,Lower middle income
Guinea,GIN,2003,644.071217908894,1.62612998485565,Lower middle income
Guinea,GIN,2015,747.356966759448,2.51713991165161,Lower middle income
Guinea,GIN,2005,651.359606871604,1.26814997196198,Lower middle income
Guinea,GIN,2002,650.554963973291,1.77897000312805,Lower middle income
Guinea,GIN,2004,645.182843390689,1.5156899690628,Lower middle income
Guinea,GIN,2013,729.833143236326,2.63421988487244,Lower middle income
Guinea,GIN,2014,738.272274481308,2.42281007766724,Lower middle income
Guinea,GIN,2017,867.907502577607,2.3203399181366,Lower middle income
Guinea,GIN,2008,684.775780377366,1.58112001419067,Lower middle income
Guinea,GIN,2001,628.320554864936,1.42785000801086,Lower middle income
Guinea,GIN,2016,807.236421043888,2.54450011253357,Lower middle income
Guinea,GIN,2000,614.137235083638,1.7786500453949,Lower middle income
Guinea,GIN,2012,719.505916794546,1.83369994163513,Lower middle income
Guinea,GIN,2022,987.502501465337,2.00722302981184,Lower middle income
Guinea,GIN,2023,1016.88094800324,1.72470879088585,Lower middle income
Guinea,GIN,2010,675.736917327708,2.55118989944458,Lower middle income
Guinea,GIN,2011,696.199991395571,2.28742003440857,Lower middle income
Guinea,GIN,2021,973.646890096159,2.04074820610586,Lower middle income
Guinea,GIN,2009,660.756701330284,2.20725011825561,Lower middle income
Guinea,GIN,2018,899.907328045175,2.38432002067566,Lower middle income
Guinea,GIN,2019,926.42221954853,1.85811996459961,Lower middle income
Guinea,GIN,2020,945.570903389665,2.44806003570557,Lower middle income
Guinea-Bissau,GNB,2013,634.095456089352,2.01027011871338,Low income
Guinea-Bissau,GNB,2010,625.904027290582,1.68221998214722,Low income
Guinea-Bissau,GNB,2011,658.953470528116,1.76593005657196,Low income
Guinea-Bissau,GNB,2012,630.66862302825,1.8863799571991,Low income
Kenya,KEN,2014,1450.59338202277,4.7172999382019,Lower middle income
Kenya,KEN,2023,1811.21651838425,3.96229304413263,Lower middle income
Kenya,KEN,2011,1370.58000874482,4.70012998580933,Lower middle income
Kenya,KEN,2012,1396.30178709756,4.93122005462646,Lower middle income
Kenya,KEN,2018,1596.69045914945,5.10761976242065,Lower middle income
Kenya,KEN,2013,1413.94142522583,4.83721017837524,Lower middle income
Kenya,KEN,2010,1340.16467408856,4.81548976898193,Lower middle income
Kenya,KEN,2022,1747.53198804428,4.51101801829815,Lower middle income
Kenya,KEN,2015,1489.11959777284,4.74349021911621,Lower middle income
Kenya,KEN,2016,1517.97796057742,4.89518022537231,Lower middle income
Kenya,KEN,2002,1171.4262517349,6.17199993133545,Lower middle income
Kenya,KEN,2017,1542.33773973372,4.96308994293213,Lower middle income
Kenya,KEN,2006,1263.54164666211,7.04981994628906,Lower middle income
Kenya,KEN,2019,1645.70961777862,5.37359210998097,Lower middle income
Kenya,KEN,2000,1195.41296851656,5.1867299079895,Lower middle income
Kenya,KEN,2001,1202.29348759987,5.20621013641357,Lower middle income
Kenya,KEN,2005,1223.44738472019,7.3356499671936,Lower middle income
Kenya,KEN,2020,1609.33414078281,5.04574892454155,Lower middle income
Kenya,KEN,2021,1698.89578271444,4.89040202257195,Lower middle income
Kenya,KEN,2003,1169.14433674051,6.49428987503052,Lower middle income
Kenya,KEN,2004,1191.25443604556,6.79693984985352,Lower middle income
Lesotho,LSO,2001,752.243212493971,9.36505031585693,Lower middle income
Lesotho,LSO,2018,1068.44462913373,7.28360986709595,Lower middle income
Lesotho,LSO,2000,725.263668707773,10.0915498733521,Lower middle income
Lesotho,LSO,2002,760.033443180306,10.1004495620728,Lower middle income
Lesotho,LSO,2016,1147.58748801671,7.55247411216023,Lower middle income
Lesotho,LSO,2017,1097.82166812752,8.1553201675415,Lower middle income
Lesotho,LSO,2003,798.540500554454,13.2195701599121,Lower middle income
Lesotho,LSO,2004,817.793597897186,11.1090097427368,Lower middle income
Lesotho,LSO,2015,1121.19851342518,7.64272055728181,Lower middle income
Lesotho,LSO,2008,971.881366821351,12.3287401199341,Lower middle income
Lesotho,LSO,2005,853.960500629797,12.0796604156494,Lower middle income
Lesotho,LSO,2023,974.382478149793,7.29011355590957,Lower middle income
Lesotho,LSO,2006,893.750686627156,11.2712802886963,Lower middle income
Liberia,LBR,2008,591.185378141907,1.70166003704071,Low income
Liberia,LBR,2019,636.699384824869,2.16508193926132,Low income
Liberia,LBR,2020,605.025475431411,2.13601415111746,Low income
Liberia,LBR,2021,621.927983063426,2.4235999584198,Low income
Liberia,LBR,2018,665.875439637137,2.50391006469727,Low income
Liberia,LBR,2014,707.157694930142,2.20005011558533,Low income
Liberia,LBR,2015,692.590082351257,2.11587468207978,Low income
Liberia,LBR,2017,671.260899835355,2.66330003738403,Low income
Liberia,LBR,2013,717.007280358975,1.69078004360199,Low income
Liberia,LBR,2022,638.005183858289,2.2760960068702,Low income
Liberia,LBR,2023,653.329188343162,2.2665256232687,Low income
Liberia,LBR,2012,674.360011422232,1.77711999416351,Low income
Liberia,LBR,2016,668.031513175601,2.11479684223088,Low income
Madagascar,MDG,2018,459.330367799543,2.84409999847412,Low income
Madagascar,MDG,2023,445.834551910581,3.04770386693564,Low income
Madagascar,MDG,2022,438.516263353189,3.06772823003204,Low income
Madagascar,MDG,2001,478.40561494987,2.707200050354,Low income
Madagascar,MDG,2019,467.27741349648,3.01338389897728,Low income
Madagascar,MDG,2021,431.599103077746,3.19807542117225,Low income
Madagascar,MDG,2000,465.529509827021,2.4386899471283,Low income
Madagascar,MDG,2005,450.955230911228,3.30962991714477,Low income
Madagascar,MDG,2006,461.540337897729,2.83097004890442,Low income
Madagascar,MDG,2020,422.924255422319,3.25443385103636,Low income
Madagascar,MDG,2004,443.278654985967,2.81261992454529,Low income
Madagascar,MDG,2014,443.343869908205,2.3812301158905,Low income
Madagascar,MDG,2015,445.320069480568,2.21011996269226,Low income
Madagascar,MDG,2002,406.70122213637,2.23179006576538,Low income
Madagascar,MDG,2003,433.601040301214,2.61094999313354,Low income
Madagascar,MDG,2007,473.785462328449,2.90274000167847,Low income
Madagascar,MDG,2008,490.963935389518,2.55433988571167,Low income
Madagascar,MDG,2009,457.789754866068,2.82512998580933,Low income
Madagascar,MDG,2010,447.417143030687,2.28856151148168,Low income
Madagascar,MDG,2011,441.755158414121,2.38168001174927,Low income
Madagascar,MDG,2012,442.641500123543,2.34067010879517,Low income
Madagascar,MDG,2013,440.67465890362803,1.77695000171661,Low income
Madagascar,MDG,2016,451.15659433146,2.68719005584717,Low income
Madagascar,MDG,2017,456.851859574031,2.70137416707567,Low income
Malawi,MWI,2011,517.833736624232,2.85346007347107,Low income
Malawi,MWI,2012,512.74031797451,2.52861185625253,Low income
Malawi,MWI,2000,418.592985038462,3.60612988471985,Low income
Malawi,MWI,2010,508.088650552846,2.43236994743347,Low income
Malawi,MWI,2003,397.224846758815,2.20964002609253,Low income
Malawi,MWI,2001,388.260039763569,3.09834003448486,Low income
Malawi,MWI,2014,539.562601918057,3.32569003105164,Low income
Malawi,MWI,2015,539.605363240686,3.85398006439209,Low income
Malawi,MWI,2022,560.635759714941,2.74888371105811,Low income
Malawi,MWI,2018,553.528790902088,3.32295989990234,Low income
Malawi,MWI,2016,538.221990810959,3.28257989883423,Low income
Malawi,MWI,2013,525.357645516557,3.72169995307922,Low income
Malawi,MWI,2017,544.795729220349,2.76899003982544,Low income
Mali,MLI,2004,800.501816706213,2.95918989181519,Low income
Mali,MLI,2005,794.373328211361,2.7472200393676798,Low income
Mali,MLI,2015,838.11986940103,3.19690990447998,Low income
Mali,MLI,2018,892.978322791418,2.98218989372253,Low income
Mali,MLI,2008,787.156518987615,2.73080992698669,Low income
Mali,MLI,2009,803.486738927624,3.14385008811951,Low income
Mali,MLI,2017,878.561348377434,3.18063998222351,Low income
Mali,MLI,2001,766.960343246307,2.65844988822937,Low income
Mali,MLI,2002,766.073669042446,2.8962299823761,Low income
Mali,MLI,2003,814.808466525191,3.8055899143219,Low income
Mali,MLI,2013,788.819448205749,2.75836992263794,Low income
Mali,MLI,2016,860.75307554569,2.59244990348816,Low income
Mali,MLI,2011,818.399030995547,3.14614009857178,Low income
Mali,MLI,2012,786.323471336853,2.90706992149353,Low income
Mali,MLI,2021,872.332509419855,3.66363000869751,Low income
Mali,MLI,2010,821.181286587872,2.70853996276856,Low income
Mali,MLI,2000,682.49742045713,2.97156000137329,Low income
Mali,MLI,2020,872.389426814294,3.3367600440979,Low income
Mali,MLI,2014,813.975661285204,3.09299993515015,Low income
Mali,MLI,2019,909.751069703313,3.00001001358032,Low income
Mali,MLI,2022,877.817842432934,4.04512227529275,Low income
Mali,MLI,2023,892.360907760383,4.18465094218116,Low income
Mauritania,MRT,2013,1502.90142381083,2.29352998733521,Lower middle income
Mauritania,MRT,2014,1520.64621634902,2.55796423507035,Lower middle income
Mauritania,MRT,2012,1488.97177557214,2.15821003913879,Lower middle income
Mauritania,MRT,2001,1262.65567288639,2.10683989524841,Lower middle income
Mauritania,MRT,2002,1252.10300454131,2.27714991569519,Lower middle income
Mauritania,MRT,2023,1634.89897144624,4.71521997451782,Lower middle income
Mauritania,MRT,2011,1472.55245572229,2.33102011680603,Lower middle income
Mauritania,MRT,2016,1528.05152299375,1.94405996799469,Lower middle income
Mauritania,MRT,2015,1554.94897871782,2.82956598871445,Lower middle income
Mauritania,MRT,2020,1553.3061558659099,1.80263996124268,Lower middle income
Mauritania,MRT,2021,1520.3111804259,1.891970038414,Lower middle income
Mauritania,MRT,2022,1576.75624107308,1.38966000080109,Lower middle income
Mauritania,MRT,2019,1605.1352359742,1.82317996025085,Lower middle income
Mauritania,MRT,2006,1637.04191255803,1.95850002765655,Lower middle income
Mauritania,MRT,2004,1338.66768122804,1.9507999420166,Lower middle income
Mauritania,MRT,2003,1308.56307582578,2.36501002311706,Lower middle income
Mauritius,MUS,2004,6480.13648507258,4.25576019287109,Upper middle income
Mauritius,MUS,2005,6556.38819193225,4.02402019500732,Upper middle income
Mauritius,MUS,2000,5744.19830169899,3.71902990341186,Upper middle income
Mauritius,MUS,2001,5889.77138546269,3.07347989082336,Upper middle income
Mauritius,MUS,2003,6250.2637051329,4.35718011856079,Upper middle income
Mauritius,MUS,2006,6843.39977734988,3.64840006828308,Upper middle income
Mauritius,MUS,2007,7202.43853899489,3.18540000915527,Upper middle income
Mauritius,MUS,2002,5943.48081247767,3.02024006843567,Upper middle income
Mauritius,MUS,2018,10789.9241521132,4.67447996139526,Upper middle income
Mauritius,MUS,2014,9300.07878638583,4.81514978408813,Upper middle income
Mauritius,MUS,2015,9630.5437837507,4.75847005844116,Upper middle income
Mauritius,MUS,2016,9995.65028642071,4.88207006454468,Upper middle income
Mauritius,MUS,2017,10379.9138706732,4.87887001037598,Upper middle income
Mauritius,MUS,2009,7793.0308214588,3.04731011390686,Upper middle income
Mauritius,MUS,2019,11098.3137067341,4.54195022583008,Upper middle income
Mauritius,MUS,2020,9483.67602630847,4.35243988037109,Upper middle income
Mauritius,MUS,2008,7563.03143738425,3.06307005882263,Upper middle income
Mauritius,MUS,2013,8973.51550099533,3.56775999069214,Upper middle income
Mauritius,MUS,2010,8114.82056038003,3.55147004127502,Upper middle income
Mauritius,MUS,2011,8432.19129317694,3.33207011222839,Upper middle income
Mauritius,MUS,2012,8702.82242878289,3.41820001602173,Upper middle income
Mauritius,MUS,2021,9804.0031863121,4.67151021957397,Upper middle income
Mauritius,MUS,2022,10688.4383112722,4.84085988998413,Upper middle income
Mauritius,MUS,2023,11348.4337725632,4.57479000091553,Upper middle income
Mozambique,MOZ,2010,494.162859074785,5.24539789470058,Low income
Mozambique,MOZ,2011,514.869957191994,5.53052494030773,Low income
Mozambique,MOZ,2005,391.699758163976,3.85834002494812,Low income
Mozambique,MOZ,2006,420.526462764726,3.7359299659729,Low income
Mozambique,MOZ,2004,377.064958084878,3.19837999343872,Low income
Mozambique,MOZ,2020,591.804059985932,6.17059556957808,Low income
Mozambique,MOZ,2021,588.215854695416,6.34063583505687,Low income
Mozambique,MOZ,2022,596.058889461466,5.97607342054314,Low income
Mozambique,MOZ,2012,540.2945177803,5.5575098991394,Low income
Mozambique,MOZ,2013,559.393953685688,6.03575992584229,Low income
Mozambique,MOZ,2014,585.266716133984,6.39920843528224,Low income
Mozambique,MOZ,2015,610.563774706589,5.91515660575298,Low income
Mozambique,MOZ,2016,620.779714954555,5.80086994171143,Low income
Mozambique,MOZ,2017,618.397694360334,5.48664999008179,Low income
Mozambique,MOZ,2018,621.153734194787,5.38976001739502,Low income
Mozambique,MOZ,2019,617.13932000195,5.99969523584354,Low income
Namibia,NAM,2018,4400.47537705743,8.88112249415185,Lower middle income
Namibia,NAM,2002,3145.94566281247,6.7423300743103,Lower middle income
Namibia,NAM,2016,4648.62713460213,10.5927948535144,Lower middle income
Namibia,NAM,2017,4476.73324402105,1.39524534605831,Lower middle income
Namibia,NAM,2006,3834.99894666178,6.03171014785767,Lower middle income
Namibia,NAM,2019,4243.09274481966,9.32253195522987,Lower middle income
Namibia,NAM,2000,3083.59657884697,6.901780128479,Lower middle income
Namibia,NAM,2001,3055.40444831936,6.88886976242065,Lower middle income
Namibia,NAM,2013,4549.26759093897,8.59541659523254,Lower middle income
Namibia,NAM,2003,3232.30589658857,6.13713979721069,Lower middle income
Namibia,NAM,2015,4774.10650865775,9.8507685020388,Lower middle income
Namibia,NAM,2021,3809.80753359714,10.3914477380895,Lower middle income
Namibia,NAM,2022,3905.55135268164,9.3919470845238,Lower middle income
Namibia,NAM,2020,3787.49943973286,9.27799879073429,Lower middle income
Namibia,NAM,2010,4165.12990200988,8.24330043792725,Lower middle income
Namibia,NAM,2011,4302.72451368462,8.02137930818109,Lower middle income
Namibia,NAM,2012,4420.96741373862,9.24281237985165,Lower middle income
Namibia,NAM,2014,4701.95694189098,3.66711166353218,Lower middle income
Namibia,NAM,2008,4036.38187484707,6.40342998504639,Lower middle income
Niger,NER,2014,482.74524741946,5.10368013381958,Low income
Niger,NER,2000,392.898616941042,2.5650200843811,Low income
Niger,NER,2013,469.690214200878,3.68953990936279,Low income
Niger,NER,2022,566.797962983866,3.71231832079626,Low income
Niger,NER,2015,485.662574175279,4.48669004440308,Low income
Niger,NER,2011,434.986264873953,3.07762002944946,Low income
Niger,NER,2012,463.066265496402,3.1868200302124,Low income
Niger,NER,2017,501.615305462902,2.57818007469177,Low income
Niger,NER,2018,519.546993483886,3.44956994056702,Low income
Niger,NER,2001,406.923493665264,2.27981996536255,Low income
Niger,NER,2016,495.017437216008,2.95843005180359,Low income
Niger,NER,2021,523.263179518652,3.82175828133515,Low income
Niger,NER,2008,429.195542798877,2.72311997413635,Low income
Niger,NER,2019,532.186024570389,3.53358621816013,Low income
Niger,NER,2020,533.194328910254,3.81906792754322,Low income
Niger,NER,2023,557.572652727864,4.07412707618114,Low income
Niger,NER,2002,412.123793192578,2.40135002136231,Low income
Niger,NER,2009,421.650901333136,3.33588004112244,Low income
Niger,NER,2010,441.079166112039,2.7219500541687,Low income
Niger,NER,2006,415.852022114801,2.55851006507873,Low income
Niger,NER,2003,406.333757497876,1.93705999851227,Low income
Niger,NER,2007,413.419126261066,3.01462006568909,Low income
Nigeria,NGA,2013,2495.34106573749,0.534206768008091,Lower middle income
Nigeria,NGA,2014,2583.6155695814,0.470742539133469,Lower middle income
Nigeria,NGA,2012,2403.65387896924,0.549233086121929,Lower middle income
Nigeria,NGA,2022,2254.29080416892,0.348516707890877,Lower middle income
Nigeria,NGA,2023,2280.91931156115,0.319069049792343,Lower middle income
Nigeria,NGA,2017,2441.71236404488,0.396354013591345,Lower middle income
Nigeria,NGA,2018,2431.77857832568,0.419998493796127,Lower middle income
Nigeria,NGA,2015,2585.73360671797,0.436954905120644,Lower middle income
Nigeria,NGA,2016,2481.81490350326,0.393045646249364,Lower middle income
Nigeria,NGA,2021,2206.66406250067,0.381919104397325,Lower middle income
Nigeria,NGA,2019,2431.53528472982,0.358479005206684,Lower middle income
Nigeria,NGA,2020,2228.68631422888,0.35963763718498,Lower middle income
Rwanda,RWA,2008,538.325372065592,3.50215005874634,Low income
Rwanda,RWA,2022,948.413686948024,4.74213981628418,Low income
Rwanda,RWA,2010,583.371416419483,4.63126993179321,Low income
Rwanda,RWA,2011,614.539650123021,4.38346004486084,Low income
Rwanda,RWA,2000,333.355090143084,3.43418002128601,Low income
Rwanda,RWA,2001,358.446058691452,4.82501983642578,Low income
Rwanda,RWA,2007,497.171622130545,3.98502993583679,Low income
Rwanda,RWA,2020,826.391307701022,3.33309745728459,Low income
Rwanda,RWA,2021,896.271033574985,5.58984994888306,Low income
Rwanda,RWA,2013,666.408788783175,4.7421498298645,Low income
Rwanda,RWA,2023,1004.33216650024,4.92002010345459,Low income
Rwanda,RWA,2015,733.998629882494,3.64713001251221,Low income
Rwanda,RWA,2012,651.852818665834,4.42103004455566,Low income
Rwanda,RWA,2017,771.069237513582,3.1247398853302,Low income
Rwanda,RWA,2014,690.610394944356,4.19644021987915,Low income
Rwanda,RWA,2019,874.639658935978,3.23821222605582,Low income
Rwanda,RWA,2016,759.606288155109,3.43482995033264,Low income
Rwanda,RWA,2018,817.578437300032,3.07376003265381,Low income
Sao Tome and Principe,STP,2018,1413.84348618541,5.62454986572266,Lower middle income
Sao Tome and Principe,STP,2002,982.32906557627,2.72058010101318,Lower middle income
Sao Tome and Principe,STP,2003,1036.86196260207,3.24692988395691,Lower middle income
Sao Tome and Principe,STP,2006,1157.0861446542,4.27118015289307,Lower middle income
Sao Tome and Principe,STP,2007,1170.51612474435,6.28682994842529,Lower middle income
Sao Tome and Principe,STP,2004,1047.05796134884,3.23470997810364,Lower middle income
Sao Tome and Principe,STP,2005,1089.14778798762,4.85645008087158,Lower middle income
Sao Tome and Principe,STP,2014,1301.32146445028,4.4321699142456,Lower middle income
Sao Tome and Principe,STP,2015,1298.10946596396,4.69794988632202,Lower middle income
Sao Tome and Principe,STP,2016,1342.533807689,6.11515998840332,Lower middle income
Sao Tome and Principe,STP,2017,1375.59403284199,5.87489986419678,Lower middle income
Sao Tome and Principe,STP,2019,1420.66008316091,6.10573891896978,Lower middle income
Sao Tome and Principe,STP,2020,1430.84119299096,5.02931173372591,Lower middle income
Sao Tome and Principe,STP,2021,1428.28676097975,5.53985041124283,Lower middle income
Sao Tome and Principe,STP,2008,1214.14114724792,5.5544900894165,Lower middle income
Sao Tome and Principe,STP,2009,1225.60541902997,9.99429035186768,Lower middle income
Sao Tome and Principe,STP,2010,1216.3502521663,9.9882698059082,Lower middle income
Sao Tome and Principe,STP,2011,1214.96130276731,8.79410245042467,Lower middle income
Sao Tome and Principe,STP,2012,1225.6945255615,6.92846012115479,Lower middle income
Sao Tome and Principe,STP,2013,1263.70423995281,6.68509006500244,Lower middle income
Sao Tome and Principe,STP,2022,1403.23356704678,5.19392101712613,Lower middle income
Sao Tome and Principe,STP,2023,1380.60169416257,5.0288576428727,Lower middle income
Senegal,SEN,2000,1048.37474052363,2.46335005760193,Lower middle income
Senegal,SEN,2009,1142.65317233964,4.92072010040283,Lower middle income
Senegal,SEN,2010,1153.53431121583,0.544770002365112,Lower middle income
Senegal,SEN,2021,1414.5395109385,5.61201000213623,Lower middle income
Senegal,SEN,2022,1433.1991875241,5.95222997665405,Lower middle income
Senegal,SEN,2023,1458.96642332589,6.16277045366329,Lower middle income
Senegal,SEN,2001,1067.36886550595,2.47150993347168,Lower middle income
Senegal,SEN,2002,1042.25509944289,2.59441995620727,Lower middle income
Senegal,SEN,2003,1074.38578467686,2.75125002861023,Lower middle income
Senegal,SEN,2004,1098.20064546027,3.07778000831604,Lower middle income
Senegal,SEN,2005,1119.0505307548,4.06443023681641,Lower middle income
Senegal,SEN,2006,1118.7830430051,3.82138991355896,Lower middle income
Senegal,SEN,2008,1138.66883930214,4.02568006515503,Lower middle income
Senegal,SEN,2019,1379.60875249861,5.03525018692017,Lower middle income
Senegal,SEN,2020,1361.79143748646,5.6869797706604,Lower middle income
Senegal,SEN,2012,1154.05677992367,4.77698993682861,Lower middle income
Senegal,SEN,2013,1147.3859217191,5.68656015396118,Lower middle income
Senegal,SEN,2014,1180.7987108505,5.72907018661499,Lower middle income
Senegal,SEN,2011,1139.74447892639,4.90302991867065,Lower middle income
Senegal,SEN,2016,1257.40906915928,5.11309003829956,Lower middle income
Senegal,SEN,2017,1312.10932776049,4.74007987976074,Lower middle income
Senegal,SEN,2018,1355.09610863712,5.11019992828369,Lower middle income
Senegal,SEN,2015,1218.00613555438,5.45634984970093,Lower middle income
Seychelles,SYC,2018,18628.1862276696,3.59446940668662,High income
Seychelles,SYC,2003,10677.9692081272,5.05177021026611,High income
Seychelles,SYC,2017,17921.5731976918,3.34617325657655,High income
Seychelles,SYC,2002,11218.2606464315,4.88109016418457,High income
Seychelles,SYC,2016,16962.6753972731,4.0213098526001,High income
Seychelles,SYC,2006,12105.4475265558,4.48331022262573,High income
Seychelles,SYC,2012,14135.0010570653,2.54216003417969,High income
Seychelles,SYC,2013,14050.3135581314,3.61840009689331,High income
Seychelles,SYC,2011,13843.7116081878,3.62995004653931,High income
Seychelles,SYC,2022,15869.6738782504,3.65858904774836,High income
Seychelles,SYC,2019,19481.6461053742,3.5588555711461,High income
Seychelles,SYC,2014,14395.6158118771,3.95247006416321,High income
Seychelles,SYC,2015,15333.1051727105,4.91460990905762,High income
Seychelles,SYC,2023,16242.4365925219,4.45409960547034,High income
Seychelles,SYC,2020,17048.361729788,4.18704837049316,High income
Seychelles,SYC,2021,17005.0422063679,4.86547351368626,High income
Sierra Leone,SLE,2020,1010.25294614757,5.34702014923096,Low income
Sierra Leone,SLE,2019,1046.96778078594,4.65177011489868,Low income
Sierra Leone,SLE,2021,1045.7661615758,5.59322023391724,Low income
Sierra Leone,SLE,2007,872.68836234614,1.52012002468109,Low income
Sierra Leone,SLE,2008,882.54147817868,1.4541300535202,Low income
Sierra Leone,SLE,2005,842.906030904902,1.81370997428894,Low income
Sierra Leone,SLE,2014,1032.23789355905,1.73754000663757,Low income
Sierra Leone,SLE,2015,964.575980888989,3.21786273563993,Low income
Sierra Leone,SLE,2016,1002.77862282013,1.84832000732422,Low income
Sierra Leone,SLE,2017,1010.54694071207,3.0150101184845,Low income
Sierra Leone,SLE,2018,1015.6678297205,4.46809005737305,Low income
Sierra Leone,SLE,2010,902.769891411394,1.56553995609283,Low income
Sierra Leone,SLE,2011,950.760763054593,1.61538004875183,Low income
Sierra Leone,SLE,2022,1077.08884538507,4.90762996673584,Low income
Sierra Leone,SLE,2009,872.23959352481,1.72441005706787,Low income
Sierra Leone,SLE,2000,727.240914632596,4.94936990737915,Low income
Sierra Leone,SLE,2001,642.036645844304,2.22618007659912,Low income
Sierra Leone,SLE,2012,1025.04366004502,1.77787005901337,Low income
Sierra Leone,SLE,2013,1146.81973456475,1.56069004535675,Low income
Sierra Leone,SLE,2004,829.759768928304,2.01167011260986,Low income
Sierra Leone,SLE,2002,766.788693742901,2.29766988754273,Low income
Sierra Leone,SLE,2003,806.066489012144,2.10887002944946,Low income
Sierra Leone,SLE,2023,1113.86837500697,2.62455277942046,Low income
"Somalia, Fed. Rep.",SOM,2020,462.867053737236,6.12054361034e-6,Low income
"Somalia, Fed. Rep.",SOM,2021,461.627830725978,6.75308344309e-6,Low income
"Somalia, Fed. Rep.",SOM,2018,498.981065013872,4.00990834307e-6,Low income
"Somalia, Fed. Rep.",SOM,2019,494.444039712339,5.73281247182e-6,Low income
"Somalia, Fed. Rep.",SOM,2022,460.046226685196,7.21674775437e-6,Low income
"Somalia, Fed. Rep.",SOM,2023,464.721069525567,8.14262404011e-6,Low income
South Africa,ZAF,2002,4916.81498068625,4.54569005966187,Upper middle income
South Africa,ZAF,2003,5011.62223150169,4.35209989547729,Upper middle income
South Africa,ZAF,2001,4786.482450463,4.63617992401123,Upper middle income
South Africa,ZAF,2016,6095.295060428,5.4442400932312,Upper middle income
South Africa,ZAF,2017,6125.6920507497,5.59868001937866,Upper middle income
South Africa,ZAF,2004,5187.35683424034,4.50897979736328,Upper middle income
South Africa,ZAF,2000,4700.87555500704,4.90882015228271,Upper middle income
South Africa,ZAF,2015,6112.27382485974,5.48285007476807,Upper middle income
South Africa,ZAF,2014,6155.00589462516,5.48977994918823,Upper middle income
South Africa,ZAF,2021,5750.90937479584,6.5551700592041,Upper middle income
South Africa,ZAF,2018,6117.2701406047,5.64401006698608,Upper middle income
South Africa,ZAF,2019,6032.82972598668,5.91159009933472,Upper middle income
South Africa,ZAF,2020,5569.58483319272,6.17067003250122,Upper middle income
South Africa,ZAF,2010,5953.94506512821,5.13496017456055,Upper middle income
South Africa,ZAF,2022,5786.86505344736,6.15599012374878,Upper middle income
South Africa,ZAF,2023,5756.55049453121,6.12347984313965,Upper middle income
South Africa,ZAF,2009,5847.05811084505,4.76118993759155,Upper middle income
South Africa,ZAF,2005,5406.07581377638,4.5245099067688,Upper middle income
South Africa,ZAF,2011,6067.12482726885,5.28899002075195,Upper middle income
South Africa,ZAF,2012,6121.55783860713,5.52322006225586,Upper middle income
South Africa,ZAF,2013,6170.87670863373,5.35070991516113,Upper middle income
South Africa,ZAF,2006,5650.9883176549,4.52652978897095,Upper middle income
South Africa,ZAF,2007,5891.42069421698,4.44668006896973,Upper middle income
South Africa,ZAF,2008,6009.71963138635,4.37424993515015,Upper middle income
South Sudan,SSD,2012,1069.19619080938,1.57674938085481,Low income
South Sudan,SSD,2011,2073.23981819145,0.962890028953552,Low income
South Sudan,SSD,2013,1165.16202707495,1.02450001239777,Low income
South Sudan,SSD,2014,1197.09491969479,1.23246002197266,Low income
South Sudan,SSD,2010,2295.07026096006,1.04533007934585,Low income
South Sudan,SSD,2015,1080.14718624765,1.46555995941162,Low income
Sudan,SDN,2002,1185.21533203125,1.16425001621246,Low income
Sudan,SDN,2000,1111.11865234375,1.01217997074127,Low income
Sudan,SDN,2004,1255.67114257813,1.31254994869232,Low income
Sudan,SDN,2005,1290.24438476563,1.17842996120453,Low income
Sudan,SDN,2006,1336.1240234375,1.55353999137878,Low income
Sudan,SDN,2008,1381.62561035156,1.85150003433227,Low income
Sudan,SDN,2009,1301.34729003906,2.02213001251221,Low income
Tanzania,TZA,2006,704.502746582031,3.00991988182068,Lower middle income
Tanzania,TZA,2004,650.516540527344,3.56245994567871,Lower middle income
Tanzania,TZA,2005,680.051208496094,3.54747009277344,Lower middle income
Tanzania,TZA,2014,913.811218261719,3.38488006591797,Lower middle income
Tanzania,TZA,2015,939.127319335938,4.19486548285076,Lower middle income
Tanzania,TZA,2016,970.156127929688,4.10196721791864,Lower middle income
Tanzania,TZA,2017,1001.55895996094,4.43052005767822,Lower middle income
Tanzania,TZA,2018,1024.01525878906,3.69962000846863,Lower middle income
Tanzania,TZA,2019,1051.7666015625,3.59683638888648,Lower middle income
Tanzania,TZA,2007,731.52001953125,4.0334300994873,Lower middle income
Tanzania,TZA,2008,752.540466308594,4.18591022491455,Lower middle income
Tanzania,TZA,2009,772.929565429688,3.96075010299683,Lower middle income
Tanzania,TZA,2010,801.29931640625,4.54169988632202,Lower middle income
Tanzania,TZA,2011,838.999267578125,4.57789905920015,Lower middle income
Tanzania,TZA,2012,851.910705566406,4.22964300342458,Lower middle income
Tanzania,TZA,2013,882.8115234375,4.63769446369719,Lower middle income
Tanzania,TZA,2023,1092.86413574219,3.25853222146531,Lower middle income
Tanzania,TZA,2020,1041.25964355469,3.23097255920833,Lower middle income
Tanzania,TZA,2021,1054.31726074219,3.11515335288784,Lower middle income
Tanzania,TZA,2022,1070.58532714844,3.2382450375764,Lower middle income
Togo,TGO,2015,751.051987587248,3.71096992492676,Low income
Togo,TGO,2016,763.276185353302,3.6624801158905,Low income
Togo,TGO,2014,730.291049611232,3.4237699508667,Low income
Togo,TGO,2000,679.533421599502,2.77644991874695,Low income
Togo,TGO,2001,667.298334712527,2.66750001907349,Low income
Togo,TGO,2002,675.440797960321,2.4695100784301798,Low income
Togo,TGO,2017,774.274897347436,3.76526999473572,Low income
Togo,TGO,2018,791.592405216309,4.09162998199463,Low income
Togo,TGO,2019,810.512262603518,4.20164196626882,Low income
Togo,TGO,2020,808.300697079208,4.08528017372931,Low income
Togo,TGO,2021,829.786700130989,4.22702442483079,Low income
Togo,TGO,2022,861.508010803054,3.77811083266775,Low income
Togo,TGO,2023,893.753030300995,4.14281885166484,Low income
Togo,TGO,2010,644.5632812645,2.95976996421814,Low income
Togo,TGO,2011,663.96334052788,3.07750010490417,Low income
Togo,TGO,2012,687.495464571464,3.37651991844177,Low income
Togo,TGO,2013,709.09186114976,3.17475008964539,Low income
Togo,TGO,2005,630.248678309054,2.23748993873596,Low income
Togo,TGO,2006,629.079905835563,2.43236994743347,Low income
Togo,TGO,2003,702.799255960869,2.35525989532471,Low income
Togo,TGO,2004,678.28759996017,2.20198011398315,Low income
Togo,TGO,2009,625.711511370434,2.76807999610901,Low income
Togo,TGO,2007,603.83784338967,2.48604011535644,Low income
Togo,TGO,2008,610.405413708475,2.38472008705139,Low income
Uganda,UGA,2010,768.624091660131,1.72739994525909,Low income
Uganda,UGA,2011,816.516366587228,2.29890990257263,Low income
Uganda,UGA,2000,509.19755319016,2.461669921875,Low income
Uganda,UGA,2004,585.339489080616,4.95237016677856,Low income
Uganda,UGA,2022,933.094056370423,2.56105027176925,Low income
Uganda,UGA,2014,845.978664791099,1.9147200584411601,Low income
Uganda,UGA,2015,862.934610355811,2.32152009010315,Low income
Uganda,UGA,2012,823.580468285493,1.79746997356415,Low income
Uganda,UGA,2013,828.988669729986,1.87114000320435,Low income
Uganda,UGA,2018,895.07512785438,2.13052010536194,Low income
Uganda,UGA,2019,920.939101515671,2.30828081242322,Low income
Uganda,UGA,2016,874.648370639216,2.13789010047913,Low income
Uganda,UGA,2017,871.093880017151,2.25362992286682,Low income
Uganda,UGA,2020,917.0350317644,2.57222181308255,Low income
Uganda,UGA,2021,919.401675217265,2.63593612308533,Low income
Zambia,ZMB,2000,804.48463418783,1.78819000720978,Lower middle income
Zambia,ZMB,2004,895.475258534826,2.46342992782593,Lower middle income
Zambia,ZMB,2005,929.079255855905,1.73553001880646,Lower middle income
Zambia,ZMB,2007,1013.08567432637,1.24075996875763,Lower middle income
Zambia,ZMB,2008,1053.58612301068,1.0997200012207,Lower middle income
Zambia,ZMB,2010,1183.41712409199,3.41600445393739,Lower middle income
Zambia,ZMB,2011,1208.46424569634,3.35772272046971,Lower middle income
Zambia,ZMB,2012,1258.78938578996,3.69500242842903,Lower middle income
Zambia,ZMB,2013,1280.77012176778,3.71820710892018,Lower middle income
Zambia,ZMB,2014,1299.01241762504,5.15225706811611,Lower middle income
Zambia,ZMB,2015,1295.87788680068,4.62433004379272,Lower middle income
Zambia,ZMB,2016,1303.57513869133,3.74792003631592,Lower middle income
Zambia,ZMB,2017,1308.76829240086,3.72964000701904,Lower middle income
Zambia,ZMB,2018,1321.25045711573,4.73973989486694,Lower middle income
Zambia,ZMB,2019,1301.18132976178,4.4182401844799,Lower middle income
Zambia,ZMB,2020,1228.73500113195,3.94374100561712,Lower middle income
Zambia,ZMB,2021,1269.10821808895,3.11363465307753,Lower middle income
Zambia,ZMB,2022,1298.8480495593,3.65884092023983,Lower middle income
Zambia,ZMB,2023,1330.85998216751,4.07374933049157,Lower middle income
Zimbabwe,ZWE,2010,1056.20884563889,1.54405574575827,Lower middle income
Zimbabwe,ZWE,2012,1360.15230034275,6.07021391405834,Lower middle income
Zimbabwe,ZWE,2013,1367.81831689463,5.99598135667974,Lower middle income
Zimbabwe,ZWE,2014,1381.25404125871,6.13835396313315,Lower middle income
Zimbabwe,ZWE,2023,1418.47184628799,0.384771297211919,Lower middle income
